productId,title,description,price,discount
1,Product 1,Ducket,400,2
2,Product 2,This is product 3,500,3
3,Product 3,This is product 5,600,4
4,Product 4,This is product 7,700,5
5,Product 5,This is product 9,800,6
6,Product 6,This is product 11,900,7
7,Product 7,This is product 13,1000,8
8,Product 8,This is product 15,1100,9
9,Product 9,This is product 17,1200,10
10,Product 10,This is product 19,1300,11
11,Product 11,This is product 21,1400,12
12,Product 12,This is product 23,1500,13
13,Product 13,This is product 25,1600,14
14,Product 14,This is product 27,1700,15
15,Product 15,This is product 29,1800,16
16,Product 16,This is product 31,1900,17
17,Product 17,This is product 33,2000,18
18,Product 18,This is product 35,2100,19
19,Product 19,This is product 37,2200,20
20,Product 20,This is product 39,2300,21
21,Product 21,This is product 41,2400,22
22,Product 22,This is product 43,2500,23
23,Product 23,This is product 45,2600,24
24,Product 24,This is product 47,2700,25
25,Product 25,This is product 49,2800,26
26,Product 26,This is product 51,2900,27
27,Product 27,This is product 53,3000,28
28,Product 28,This is product 55,3100,29
29,Product 29,This is product 57,3200,30
30,Product 30,This is product 59,3300,31
31,Product 31,This is product 61,3400,32
32,Product 32,This is product 63,3500,33
33,Product 33,This is product 65,3600,34
34,Product 34,This is product 67,3700,35
35,Product 35,This is product 69,3800,36
36,Product 36,This is product 69,3800,36
37,Product 1,This is product 1,400,2
38,Product 2,This is product 3,500,3
39,Product 3,This is product 5,600,4
40,Product 4,This is product 7,700,5
41,Product 5,This is product 9,800,6
42,Product 6,This is product 11,900,7
43,Product 7,This is product 13,1000,8
44,Product 8,This is product 15,1100,9
45,Product 9,This is product 17,1200,10
46,Product 10,This is product 19,1300,11
47,Product 11,This is product 21,1400,12
48,Product 12,This is product 23,1500,13
49,Product 13,This is product 25,1600,14
50,Product 14,This is product 27,1700,15
51,Product 15,This is product 29,1800,16
52,Product 16,This is product 31,1900,17
53,Product 17,This is product 33,2000,18
54,Product 18,This is product 35,2100,19
55,Product 19,This is product 37,2200,20
56,Product 20,This is product 39,2300,21
57,Product 21,This is product 41,2400,22
58,Product 22,This is product 43,2500,23
59,Product 23,This is product 45,2600,24
60,Product 24,This is product 47,2700,25
61,Product 25,This is product 49,2800,26
62,Product 26,This is product 51,2900,27
63,Product 27,This is product 53,3000,28
64,Product 28,This is product 55,3100,29
65,Product 29,This is product 57,3200,30
66,Product 30,This is product 59,3300,31
67,Product 31,This is product 61,3400,32
68,Product 32,This is product 63,3500,33
69,Product 33,This is product 65,3600,34
70,Product 34,This is product 67,3700,35
71,Product 35,This is product 69,3800,36
72,Product 36,This is product 69,3800,36
73,Product 1,This is product 1,400,2
74,Product 2,This is product 3,500,3
75,Product 3,This is product 5,600,4
76,Product 4,This is product 7,700,5
77,Product 5,This is product 9,800,6
78,Product 6,This is product 11,900,7
79,Product 7,This is product 13,1000,8
80,Product 8,This is product 15,1100,9
81,Product 9,This is product 17,1200,10
82,Product 10,This is product 19,1300,11
83,Product 11,This is product 21,1400,12
84,Product 12,This is product 23,1500,13
85,Product 13,This is product 25,1600,14
86,Product 14,This is product 27,1700,15
87,Product 15,This is product 29,1800,16
88,Product 16,This is product 31,1900,17
89,Product 17,This is product 33,2000,18
90,Product 18,This is product 35,2100,19
91,Product 19,This is product 37,2200,20
92,Product 20,This is product 39,2300,21
93,Product 21,This is product 41,2400,22
94,Product 22,This is product 43,2500,23
95,Product 23,This is product 45,2600,24
96,Product 24,This is product 47,2700,25
97,Product 25,This is product 49,2800,26
98,Product 26,This is product 51,2900,27
99,Product 27,This is product 53,3000,28
100,Product 28,This is product 55,3100,29
101,Product 29,This is product 57,3200,30
102,Product 30,This is product 59,3300,31
103,Product 31,This is product 61,3400,32
104,Product 32,This is product 63,3500,33
105,Product 33,This is product 65,3600,34
106,Product 34,This is product 67,3700,35
107,Product 35,This is product 69,3800,36
108,Product 36,This is product 69,3800,36
109,Product 1,This is product 1,400,2
110,Product 2,This is product 3,500,3
111,Product 3,This is product 5,600,4
112,Product 4,This is product 7,700,5
113,Product 5,This is product 9,800,6
114,Product 6,This is product 11,900,7
115,Product 7,This is product 13,1000,8
116,Product 8,This is product 15,1100,9
117,Product 9,This is product 17,1200,10
118,Product 10,This is product 19,1300,11
119,Product 11,This is product 21,1400,12
120,Product 12,This is product 23,1500,13
121,Product 13,This is product 25,1600,14
122,Product 14,This is product 27,1700,15
123,Product 15,This is product 29,1800,16
124,Product 16,This is product 31,1900,17
125,Product 17,This is product 33,2000,18
126,Product 18,This is product 35,2100,19
127,Product 19,This is product 37,2200,20
128,Product 20,This is product 39,2300,21
129,Product 21,This is product 41,2400,22
130,Product 22,This is product 43,2500,23
131,Product 23,This is product 45,2600,24
132,Product 24,This is product 47,2700,25
133,Product 25,This is product 49,2800,26
134,Product 26,This is product 51,2900,27
135,Product 27,This is product 53,3000,28
136,Product 28,This is product 55,3100,29
137,Product 29,This is product 57,3200,30
138,Product 30,This is product 59,3300,31
139,Product 31,This is product 61,3400,32
140,Product 32,This is product 63,3500,33
141,Product 33,This is product 65,3600,34
142,Product 34,This is product 67,3700,35
143,Product 35,This is product 69,3800,36
144,Product 36,This is product 69,3800,36
145,Product 1,This is product 1,400,2
146,Product 2,This is product 3,500,3
147,Product 3,This is product 5,600,4
148,Product 4,This is product 7,700,5
149,Product 5,This is product 9,800,6
150,Product 6,This is product 11,900,7
151,Product 7,This is product 13,1000,8
152,Product 8,This is product 15,1100,9
153,Product 9,This is product 17,1200,10
154,Product 10,This is product 19,1300,11
155,Product 11,This is product 21,1400,12
156,Product 12,This is product 23,1500,13
157,Product 13,This is product 25,1600,14
158,Product 14,This is product 27,1700,15
159,Product 15,This is product 29,1800,16
160,Product 16,This is product 31,1900,17
161,Product 17,This is product 33,2000,18
162,Product 18,This is product 35,2100,19
163,Product 19,This is product 37,2200,20
164,Product 20,This is product 39,2300,21
165,Product 21,This is product 41,2400,22
166,Product 22,This is product 43,2500,23
167,Product 23,This is product 45,2600,24
168,Product 24,This is product 47,2700,25
169,Product 25,This is product 49,2800,26
170,Product 26,This is product 51,2900,27
171,Product 27,This is product 53,3000,28
172,Product 28,This is product 55,3100,29
173,Product 29,This is product 57,3200,30
174,Product 30,This is product 59,3300,31
175,Product 31,This is product 61,3400,32
176,Product 32,This is product 63,3500,33
177,Product 33,This is product 65,3600,34
178,Product 34,This is product 67,3700,35
179,Product 35,This is product 69,3800,36
180,Product 36,This is product 69,3800,36
181,Product 1,This is product 1,400,2
182,Product 2,This is product 3,500,3
183,Product 3,This is product 5,600,4
184,Product 4,This is product 7,700,5
185,Product 5,This is product 9,800,6
186,Product 6,This is product 11,900,7
187,Product 7,This is product 13,1000,8
188,Product 8,This is product 15,1100,9
189,Product 9,This is product 17,1200,10
190,Product 10,This is product 19,1300,11
191,Product 11,This is product 21,1400,12
192,Product 12,This is product 23,1500,13
193,Product 13,This is product 25,1600,14
194,Product 14,This is product 27,1700,15
195,Product 15,This is product 29,1800,16
196,Product 16,This is product 31,1900,17
197,Product 17,This is product 33,2000,18
198,Product 18,This is product 35,2100,19
199,Product 19,This is product 37,2200,20
200,Product 20,This is product 39,2300,21
201,Product 21,This is product 41,2400,22
202,Product 22,This is product 43,2500,23
203,Product 23,This is product 45,2600,24
204,Product 24,This is product 47,2700,25
205,Product 25,This is product 49,2800,26
206,Product 26,This is product 51,2900,27
207,Product 27,This is product 53,3000,28
208,Product 28,This is product 55,3100,29
209,Product 29,This is product 57,3200,30
210,Product 30,This is product 59,3300,31
211,Product 31,This is product 61,3400,32
212,Product 32,This is product 63,3500,33
213,Product 33,This is product 65,3600,34
214,Product 34,This is product 67,3700,35
215,Product 35,This is product 69,3800,36
216,Product 36,This is product 69,3800,36
217,Product 1,This is product 1,400,2
218,Product 2,This is product 3,500,3
219,Product 3,This is product 5,600,4
220,Product 4,This is product 7,700,5
221,Product 5,This is product 9,800,6
222,Product 6,This is product 11,900,7
223,Product 7,This is product 13,1000,8
224,Product 8,This is product 15,1100,9
225,Product 9,This is product 17,1200,10
226,Product 10,This is product 19,1300,11
227,Product 11,This is product 21,1400,12
228,Product 12,This is product 23,1500,13
229,Product 13,This is product 25,1600,14
230,Product 14,This is product 27,1700,15
231,Product 15,This is product 29,1800,16
232,Product 16,This is product 31,1900,17
233,Product 17,This is product 33,2000,18
234,Product 18,This is product 35,2100,19
235,Product 19,This is product 37,2200,20
236,Product 20,This is product 39,2300,21
237,Product 21,This is product 41,2400,22
238,Product 22,This is product 43,2500,23
239,Product 23,This is product 45,2600,24
240,Product 24,This is product 47,2700,25
241,Product 25,This is product 49,2800,26
242,Product 26,This is product 51,2900,27
243,Product 27,This is product 53,3000,28
244,Product 28,This is product 55,3100,29
245,Product 29,This is product 57,3200,30
246,Product 30,This is product 59,3300,31
247,Product 31,This is product 61,3400,32
248,Product 32,This is product 63,3500,33
249,Product 33,This is product 65,3600,34
250,Product 34,This is product 67,3700,35
251,Product 35,This is product 69,3800,36
252,Product 36,This is product 69,3800,36
253,Product 1,This is product 1,400,2
254,Product 2,This is product 3,500,3
255,Product 3,This is product 5,600,4
256,Product 4,This is product 7,700,5
257,Product 5,This is product 9,800,6
258,Product 6,This is product 11,900,7
259,Product 7,This is product 13,1000,8
260,Product 8,This is product 15,1100,9
261,Product 9,This is product 17,1200,10
262,Product 10,This is product 19,1300,11
263,Product 11,This is product 21,1400,12
264,Product 12,This is product 23,1500,13
265,Product 13,This is product 25,1600,14
266,Product 14,This is product 27,1700,15
267,Product 15,This is product 29,1800,16
268,Product 16,This is product 31,1900,17
269,Product 17,This is product 33,2000,18
270,Product 18,This is product 35,2100,19
271,Product 19,This is product 37,2200,20
272,Product 20,This is product 39,2300,21
273,Product 21,This is product 41,2400,22
274,Product 22,This is product 43,2500,23
275,Product 23,This is product 45,2600,24
276,Product 24,This is product 47,2700,25
277,Product 25,This is product 49,2800,26
278,Product 26,This is product 51,2900,27
279,Product 27,This is product 53,3000,28
280,Product 28,This is product 55,3100,29
281,Product 29,This is product 57,3200,30
282,Product 30,This is product 59,3300,31
283,Product 31,This is product 61,3400,32
284,Product 32,This is product 63,3500,33
285,Product 33,This is product 65,3600,34
286,Product 34,This is product 67,3700,35
287,Product 35,This is product 69,3800,36
288,Product 36,This is product 69,3800,36
289,Product 1,This is product 1,400,2
290,Product 2,This is product 3,500,3
291,Product 3,This is product 5,600,4
292,Product 4,This is product 7,700,5
293,Product 5,This is product 9,800,6
294,Product 6,This is product 11,900,7
295,Product 7,This is product 13,1000,8
296,Product 8,This is product 15,1100,9
297,Product 9,This is product 17,1200,10
298,Product 10,This is product 19,1300,11
299,Product 11,This is product 21,1400,12
300,Product 12,This is product 23,1500,13
301,Product 13,This is product 25,1600,14
302,Product 14,This is product 27,1700,15
303,Product 15,This is product 29,1800,16
304,Product 16,This is product 31,1900,17
305,Product 17,This is product 33,2000,18
306,Product 18,This is product 35,2100,19
307,Product 19,This is product 37,2200,20
308,Product 20,This is product 39,2300,21
309,Product 21,This is product 41,2400,22
310,Product 22,This is product 43,2500,23
311,Product 23,This is product 45,2600,24
312,Product 24,This is product 47,2700,25
313,Product 25,This is product 49,2800,26
314,Product 26,This is product 51,2900,27
315,Product 27,This is product 53,3000,28
316,Product 28,This is product 55,3100,29
317,Product 29,This is product 57,3200,30
318,Product 30,This is product 59,3300,31
319,Product 31,This is product 61,3400,32
320,Product 32,This is product 63,3500,33
321,Product 33,This is product 65,3600,34
322,Product 34,This is product 67,3700,35
323,Product 35,This is product 69,3800,36
324,Product 36,This is product 69,3800,36
325,Product 1,This is product 1,400,2
326,Product 2,This is product 3,500,3
327,Product 3,This is product 5,600,4
328,Product 4,This is product 7,700,5
329,Product 5,This is product 9,800,6
330,Product 6,This is product 11,900,7
331,Product 7,This is product 13,1000,8
332,Product 8,This is product 15,1100,9
333,Product 9,This is product 17,1200,10
334,Product 10,This is product 19,1300,11
335,Product 11,This is product 21,1400,12
336,Product 12,This is product 23,1500,13
337,Product 13,This is product 25,1600,14
338,Product 14,This is product 27,1700,15
339,Product 15,This is product 29,1800,16
340,Product 16,This is product 31,1900,17
341,Product 17,This is product 33,2000,18
342,Product 18,This is product 35,2100,19
343,Product 19,This is product 37,2200,20
344,Product 20,This is product 39,2300,21
345,Product 21,This is product 41,2400,22
346,Product 22,This is product 43,2500,23
347,Product 23,This is product 45,2600,24
348,Product 24,This is product 47,2700,25
349,Product 25,This is product 49,2800,26
350,Product 26,This is product 51,2900,27
351,Product 27,This is product 53,3000,28
352,Product 28,This is product 55,3100,29
353,Product 29,This is product 57,3200,30
354,Product 30,This is product 59,3300,31
355,Product 31,This is product 61,3400,32
356,Product 32,This is product 63,3500,33
357,Product 33,This is product 65,3600,34
358,Product 34,This is product 67,3700,35
359,Product 35,This is product 69,3800,36
360,Product 36,This is product 69,3800,36
361,Product 1,This is product 1,400,2
362,Product 2,This is product 3,500,3
363,Product 3,This is product 5,600,4
364,Product 4,This is product 7,700,5
365,Product 5,This is product 9,800,6
366,Product 6,This is product 11,900,7
367,Product 7,This is product 13,1000,8
368,Product 8,This is product 15,1100,9
369,Product 9,This is product 17,1200,10
370,Product 10,This is product 19,1300,11
371,Product 11,This is product 21,1400,12
372,Product 12,This is product 23,1500,13
373,Product 13,This is product 25,1600,14
374,Product 14,This is product 27,1700,15
375,Product 15,This is product 29,1800,16
376,Product 16,This is product 31,1900,17
377,Product 17,This is product 33,2000,18
378,Product 18,This is product 35,2100,19
379,Product 19,This is product 37,2200,20
380,Product 20,This is product 39,2300,21
381,Product 21,This is product 41,2400,22
382,Product 22,This is product 43,2500,23
383,Product 23,This is product 45,2600,24
384,Product 24,This is product 47,2700,25
385,Product 25,This is product 49,2800,26
386,Product 26,This is product 51,2900,27
387,Product 27,This is product 53,3000,28
388,Product 28,This is product 55,3100,29
389,Product 29,This is product 57,3200,30
390,Product 30,This is product 59,3300,31
391,Product 31,This is product 61,3400,32
392,Product 32,This is product 63,3500,33
393,Product 33,This is product 65,3600,34
394,Product 34,This is product 67,3700,35
395,Product 35,This is product 69,3800,36
396,Product 36,This is product 69,3800,36
397,Product 1,This is product 1,400,2
398,Product 2,This is product 3,500,3
399,Product 3,This is product 5,600,4
400,Product 4,This is product 7,700,5
401,Product 5,This is product 9,800,6
402,Product 6,This is product 11,900,7
403,Product 7,This is product 13,1000,8
404,Product 8,This is product 15,1100,9
405,Product 9,This is product 17,1200,10
406,Product 10,This is product 19,1300,11
407,Product 11,This is product 21,1400,12
408,Product 12,This is product 23,1500,13
409,Product 13,This is product 25,1600,14
410,Product 14,This is product 27,1700,15
411,Product 15,This is product 29,1800,16
412,Product 16,This is product 31,1900,17
413,Product 17,This is product 33,2000,18
414,Product 18,This is product 35,2100,19
415,Product 19,This is product 37,2200,20
416,Product 20,This is product 39,2300,21
417,Product 21,This is product 41,2400,22
418,Product 22,This is product 43,2500,23
419,Product 23,This is product 45,2600,24
420,Product 24,This is product 47,2700,25
421,Product 25,This is product 49,2800,26
422,Product 26,This is product 51,2900,27
423,Product 27,This is product 53,3000,28
424,Product 28,This is product 55,3100,29
425,Product 29,This is product 57,3200,30
426,Product 30,This is product 59,3300,31
427,Product 31,This is product 61,3400,32
428,Product 32,This is product 63,3500,33
429,Product 33,This is product 65,3600,34
430,Product 34,This is product 67,3700,35
431,Product 35,This is product 69,3800,36
432,Product 36,This is product 69,3800,36
433,Product 1,This is product 1,400,2
434,Product 2,This is product 3,500,3
435,Product 3,This is product 5,600,4
436,Product 4,This is product 7,700,5
437,Product 5,This is product 9,800,6
438,Product 6,This is product 11,900,7
439,Product 7,This is product 13,1000,8
440,Product 8,This is product 15,1100,9
441,Product 9,This is product 17,1200,10
442,Product 10,This is product 19,1300,11
443,Product 11,This is product 21,1400,12
444,Product 12,This is product 23,1500,13
445,Product 13,This is product 25,1600,14
446,Product 14,This is product 27,1700,15
447,Product 15,This is product 29,1800,16
448,Product 16,This is product 31,1900,17
449,Product 17,This is product 33,2000,18
450,Product 18,This is product 35,2100,19
451,Product 19,This is product 37,2200,20
452,Product 20,This is product 39,2300,21
453,Product 21,This is product 41,2400,22
454,Product 22,This is product 43,2500,23
455,Product 23,This is product 45,2600,24
456,Product 24,This is product 47,2700,25
457,Product 25,This is product 49,2800,26
458,Product 26,This is product 51,2900,27
459,Product 27,This is product 53,3000,28
460,Product 28,This is product 55,3100,29
461,Product 29,This is product 57,3200,30
462,Product 30,This is product 59,3300,31
463,Product 31,This is product 61,3400,32
464,Product 32,This is product 63,3500,33
465,Product 33,This is product 65,3600,34
466,Product 34,This is product 67,3700,35
467,Product 35,This is product 69,3800,36
468,Product 36,This is product 69,3800,36
469,Product 1,This is product 1,400,2
470,Product 2,This is product 3,500,3
471,Product 3,This is product 5,600,4
472,Product 4,This is product 7,700,5
473,Product 5,This is product 9,800,6
474,Product 6,This is product 11,900,7
475,Product 7,This is product 13,1000,8
476,Product 8,This is product 15,1100,9
477,Product 9,This is product 17,1200,10
478,Product 10,This is product 19,1300,11
479,Product 11,This is product 21,1400,12
480,Product 12,This is product 23,1500,13
481,Product 13,This is product 25,1600,14
482,Product 14,This is product 27,1700,15
483,Product 15,This is product 29,1800,16
484,Product 16,This is product 31,1900,17
485,Product 17,This is product 33,2000,18
486,Product 18,This is product 35,2100,19
487,Product 19,This is product 37,2200,20
488,Product 20,This is product 39,2300,21
489,Product 21,This is product 41,2400,22
490,Product 22,This is product 43,2500,23
491,Product 23,This is product 45,2600,24
492,Product 24,This is product 47,2700,25
493,Product 25,This is product 49,2800,26
494,Product 26,This is product 51,2900,27
495,Product 27,This is product 53,3000,28
496,Product 28,This is product 55,3100,29
497,Product 29,This is product 57,3200,30
498,Product 30,This is product 59,3300,31
499,Product 31,This is product 61,3400,32
500,Product 32,This is product 63,3500,33
501,Product 33,This is product 65,3600,34
502,Product 34,This is product 67,3700,35
503,Product 35,This is product 69,3800,36
504,Product 36,This is product 69,3800,36
505,Product 1,This is product 1,400,2
506,Product 2,This is product 3,500,3
507,Product 3,This is product 5,600,4
508,Product 4,This is product 7,700,5
509,Product 5,This is product 9,800,6
510,Product 6,This is product 11,900,7
511,Product 7,This is product 13,1000,8
512,Product 8,This is product 15,1100,9
513,Product 9,This is product 17,1200,10
514,Product 10,This is product 19,1300,11
515,Product 11,This is product 21,1400,12
516,Product 12,This is product 23,1500,13
517,Product 13,This is product 25,1600,14
518,Product 14,This is product 27,1700,15
519,Product 15,This is product 29,1800,16
520,Product 16,This is product 31,1900,17
521,Product 17,This is product 33,2000,18
522,Product 18,This is product 35,2100,19
523,Product 19,This is product 37,2200,20
524,Product 20,This is product 39,2300,21
525,Product 21,This is product 41,2400,22
526,Product 22,This is product 43,2500,23
527,Product 23,This is product 45,2600,24
528,Product 24,This is product 47,2700,25
529,Product 25,This is product 49,2800,26
530,Product 26,This is product 51,2900,27
531,Product 27,This is product 53,3000,28
532,Product 28,This is product 55,3100,29
533,Product 29,This is product 57,3200,30
534,Product 30,This is product 59,3300,31
535,Product 31,This is product 61,3400,32
536,Product 32,This is product 63,3500,33
537,Product 33,This is product 65,3600,34
538,Product 34,This is product 67,3700,35
539,Product 35,This is product 69,3800,36
540,Product 36,This is product 69,3800,36
541,Product 1,This is product 1,400,2
542,Product 2,This is product 3,500,3
543,Product 3,This is product 5,600,4
544,Product 4,This is product 7,700,5
545,Product 5,This is product 9,800,6
546,Product 6,This is product 11,900,7
547,Product 7,This is product 13,1000,8
548,Product 8,This is product 15,1100,9
549,Product 9,This is product 17,1200,10
550,Product 10,This is product 19,1300,11
551,Product 11,This is product 21,1400,12
552,Product 12,This is product 23,1500,13
553,Product 13,This is product 25,1600,14
554,Product 14,This is product 27,1700,15
555,Product 15,This is product 29,1800,16
556,Product 16,This is product 31,1900,17
557,Product 17,This is product 33,2000,18
558,Product 18,This is product 35,2100,19
559,Product 19,This is product 37,2200,20
560,Product 20,This is product 39,2300,21
561,Product 21,This is product 41,2400,22
562,Product 22,This is product 43,2500,23
563,Product 23,This is product 45,2600,24
564,Product 24,This is product 47,2700,25
565,Product 25,This is product 49,2800,26
566,Product 26,This is product 51,2900,27
567,Product 27,This is product 53,3000,28
568,Product 28,This is product 55,3100,29
569,Product 29,This is product 57,3200,30
570,Product 30,This is product 59,3300,31
571,Product 31,This is product 61,3400,32
572,Product 32,This is product 63,3500,33
573,Product 33,This is product 65,3600,34
574,Product 34,This is product 67,3700,35
575,Product 35,This is product 69,3800,36
576,Product 36,This is product 69,3800,36
577,Product 1,This is product 1,400,2
578,Product 2,This is product 3,500,3
579,Product 3,This is product 5,600,4
580,Product 4,This is product 7,700,5
581,Product 5,This is product 9,800,6
582,Product 6,This is product 11,900,7
583,Product 7,This is product 13,1000,8
584,Product 8,This is product 15,1100,9
585,Product 9,This is product 17,1200,10
586,Product 10,This is product 19,1300,11
587,Product 11,This is product 21,1400,12
588,Product 12,This is product 23,1500,13
589,Product 13,This is product 25,1600,14
590,Product 14,This is product 27,1700,15
591,Product 15,This is product 29,1800,16
592,Product 16,This is product 31,1900,17
593,Product 17,This is product 33,2000,18
594,Product 18,This is product 35,2100,19
595,Product 19,This is product 37,2200,20
596,Product 20,This is product 39,2300,21
597,Product 21,This is product 41,2400,22
598,Product 22,This is product 43,2500,23
599,Product 23,This is product 45,2600,24
600,Product 24,This is product 47,2700,25
601,Product 25,This is product 49,2800,26
602,Product 26,This is product 51,2900,27
603,Product 27,This is product 53,3000,28
604,Product 28,This is product 55,3100,29
605,Product 29,This is product 57,3200,30
606,Product 30,This is product 59,3300,31
607,Product 31,This is product 61,3400,32
608,Product 32,This is product 63,3500,33
609,Product 33,This is product 65,3600,34
610,Product 34,This is product 67,3700,35
611,Product 35,This is product 69,3800,36
612,Product 36,This is product 69,3800,36
613,Product 1,This is product 1,400,2
614,Product 2,This is product 3,500,3
615,Product 3,This is product 5,600,4
616,Product 4,This is product 7,700,5
617,Product 5,This is product 9,800,6
618,Product 6,This is product 11,900,7
619,Product 7,This is product 13,1000,8
620,Product 8,This is product 15,1100,9
621,Product 9,This is product 17,1200,10
622,Product 10,This is product 19,1300,11
623,Product 11,This is product 21,1400,12
624,Product 12,This is product 23,1500,13
625,Product 13,This is product 25,1600,14
626,Product 14,This is product 27,1700,15
627,Product 15,This is product 29,1800,16
628,Product 16,This is product 31,1900,17
629,Product 17,This is product 33,2000,18
630,Product 18,This is product 35,2100,19
631,Product 19,This is product 37,2200,20
632,Product 20,This is product 39,2300,21
633,Product 21,This is product 41,2400,22
634,Product 22,This is product 43,2500,23
635,Product 23,This is product 45,2600,24
636,Product 24,This is product 47,2700,25
637,Product 25,This is product 49,2800,26
638,Product 26,This is product 51,2900,27
639,Product 27,This is product 53,3000,28
640,Product 28,This is product 55,3100,29
641,Product 29,This is product 57,3200,30
642,Product 30,This is product 59,3300,31
643,Product 31,This is product 61,3400,32
644,Product 32,This is product 63,3500,33
645,Product 33,This is product 65,3600,34
646,Product 34,This is product 67,3700,35
647,Product 35,This is product 69,3800,36
648,Product 36,This is product 69,3800,36
649,Product 1,This is product 1,400,2
650,Product 2,This is product 3,500,3
651,Product 3,This is product 5,600,4
652,Product 4,This is product 7,700,5
653,Product 5,This is product 9,800,6
654,Product 6,This is product 11,900,7
655,Product 7,This is product 13,1000,8
656,Product 8,This is product 15,1100,9
657,Product 9,This is product 17,1200,10
658,Product 10,This is product 19,1300,11
659,Product 11,This is product 21,1400,12
660,Product 12,This is product 23,1500,13
661,Product 13,This is product 25,1600,14
662,Product 14,This is product 27,1700,15
663,Product 15,This is product 29,1800,16
664,Product 16,This is product 31,1900,17
665,Product 17,This is product 33,2000,18
666,Product 18,This is product 35,2100,19
667,Product 19,This is product 37,2200,20
668,Product 20,This is product 39,2300,21
669,Product 21,This is product 41,2400,22
670,Product 22,This is product 43,2500,23
671,Product 23,This is product 45,2600,24
672,Product 24,This is product 47,2700,25
673,Product 25,This is product 49,2800,26
674,Product 26,This is product 51,2900,27
675,Product 27,This is product 53,3000,28
676,Product 28,This is product 55,3100,29
677,Product 29,This is product 57,3200,30
678,Product 30,This is product 59,3300,31
679,Product 31,This is product 61,3400,32
680,Product 32,This is product 63,3500,33
681,Product 33,This is product 65,3600,34
682,Product 34,This is product 67,3700,35
683,Product 35,This is product 69,3800,36
684,Product 36,This is product 69,3800,36
685,Product 1,This is product 1,400,2
686,Product 2,This is product 3,500,3
687,Product 3,This is product 5,600,4
688,Product 4,This is product 7,700,5
689,Product 5,This is product 9,800,6
690,Product 6,This is product 11,900,7
691,Product 7,This is product 13,1000,8
692,Product 8,This is product 15,1100,9
693,Product 9,This is product 17,1200,10
694,Product 10,This is product 19,1300,11
695,Product 11,This is product 21,1400,12
696,Product 12,This is product 23,1500,13
697,Product 13,This is product 25,1600,14
698,Product 14,This is product 27,1700,15
699,Product 15,This is product 29,1800,16
700,Product 16,This is product 31,1900,17
701,Product 17,This is product 33,2000,18
702,Product 18,This is product 35,2100,19
703,Product 19,This is product 37,2200,20
704,Product 20,This is product 39,2300,21
705,Product 21,This is product 41,2400,22
706,Product 22,This is product 43,2500,23
707,Product 23,This is product 45,2600,24
708,Product 24,This is product 47,2700,25
709,Product 25,This is product 49,2800,26
710,Product 26,This is product 51,2900,27
711,Product 27,This is product 53,3000,28
712,Product 28,This is product 55,3100,29
713,Product 29,This is product 57,3200,30
714,Product 30,This is product 59,3300,31
715,Product 31,This is product 61,3400,32
716,Product 32,This is product 63,3500,33
717,Product 33,This is product 65,3600,34
718,Product 34,This is product 67,3700,35
719,Product 35,This is product 69,3800,36
720,Product 36,This is product 69,3800,36
721,Product 1,This is product 1,400,2
722,Product 2,This is product 3,500,3
723,Product 3,This is product 5,600,4
724,Product 4,This is product 7,700,5
725,Product 5,This is product 9,800,6
726,Product 6,This is product 11,900,7
727,Product 7,This is product 13,1000,8
728,Product 8,This is product 15,1100,9
729,Product 9,This is product 17,1200,10
730,Product 10,This is product 19,1300,11
731,Product 11,This is product 21,1400,12
732,Product 12,This is product 23,1500,13
733,Product 13,This is product 25,1600,14
734,Product 14,This is product 27,1700,15
735,Product 15,This is product 29,1800,16
736,Product 16,This is product 31,1900,17
737,Product 17,This is product 33,2000,18
738,Product 18,This is product 35,2100,19
739,Product 19,This is product 37,2200,20
740,Product 20,This is product 39,2300,21
741,Product 21,This is product 41,2400,22
742,Product 22,This is product 43,2500,23
743,Product 23,This is product 45,2600,24
744,Product 24,This is product 47,2700,25
745,Product 25,This is product 49,2800,26
746,Product 26,This is product 51,2900,27
747,Product 27,This is product 53,3000,28
748,Product 28,This is product 55,3100,29
749,Product 29,This is product 57,3200,30
750,Product 30,This is product 59,3300,31
751,Product 31,This is product 61,3400,32
752,Product 32,This is product 63,3500,33
753,Product 33,This is product 65,3600,34
754,Product 34,This is product 67,3700,35
755,Product 35,This is product 69,3800,36
756,Product 36,This is product 69,3800,36
757,Product 1,This is product 1,400,2
758,Product 2,This is product 3,500,3
759,Product 3,This is product 5,600,4
760,Product 4,This is product 7,700,5
761,Product 5,This is product 9,800,6
762,Product 6,This is product 11,900,7
763,Product 7,This is product 13,1000,8
764,Product 8,This is product 15,1100,9
765,Product 9,This is product 17,1200,10
766,Product 10,This is product 19,1300,11
767,Product 11,This is product 21,1400,12
768,Product 12,This is product 23,1500,13
769,Product 13,This is product 25,1600,14
770,Product 14,This is product 27,1700,15
771,Product 15,This is product 29,1800,16
772,Product 16,This is product 31,1900,17
773,Product 17,This is product 33,2000,18
774,Product 18,This is product 35,2100,19
775,Product 19,This is product 37,2200,20
776,Product 20,This is product 39,2300,21
777,Product 21,This is product 41,2400,22
778,Product 22,This is product 43,2500,23
779,Product 23,This is product 45,2600,24
780,Product 24,This is product 47,2700,25
781,Product 25,This is product 49,2800,26
782,Product 26,This is product 51,2900,27
783,Product 27,This is product 53,3000,28
784,Product 28,This is product 55,3100,29
785,Product 29,This is product 57,3200,30
786,Product 30,This is product 59,3300,31
787,Product 31,This is product 61,3400,32
788,Product 32,This is product 63,3500,33
789,Product 33,This is product 65,3600,34
790,Product 34,This is product 67,3700,35
791,Product 35,This is product 69,3800,36
792,Product 36,This is product 69,3800,36
793,Product 1,This is product 1,400,2
794,Product 2,This is product 3,500,3
795,Product 3,This is product 5,600,4
796,Product 4,This is product 7,700,5
797,Product 5,This is product 9,800,6
798,Product 6,This is product 11,900,7
799,Product 7,This is product 13,1000,8
800,Product 8,This is product 15,1100,9
801,Product 9,This is product 17,1200,10
802,Product 10,This is product 19,1300,11
803,Product 11,This is product 21,1400,12
804,Product 12,This is product 23,1500,13
805,Product 13,This is product 25,1600,14
806,Product 14,This is product 27,1700,15
807,Product 15,This is product 29,1800,16
808,Product 16,This is product 31,1900,17
809,Product 17,This is product 33,2000,18
810,Product 18,This is product 35,2100,19
811,Product 19,This is product 37,2200,20
812,Product 20,This is product 39,2300,21
813,Product 21,This is product 41,2400,22
814,Product 22,This is product 43,2500,23
815,Product 23,This is product 45,2600,24
816,Product 24,This is product 47,2700,25
817,Product 25,This is product 49,2800,26
818,Product 26,This is product 51,2900,27
819,Product 27,This is product 53,3000,28
820,Product 28,This is product 55,3100,29
821,Product 29,This is product 57,3200,30
822,Product 30,This is product 59,3300,31
823,Product 31,This is product 61,3400,32
824,Product 32,This is product 63,3500,33
825,Product 33,This is product 65,3600,34
826,Product 34,This is product 67,3700,35
827,Product 35,This is product 69,3800,36
828,Product 36,This is product 69,3800,36
829,Product 1,This is product 1,400,2
830,Product 2,This is product 3,500,3
831,Product 3,This is product 5,600,4
832,Product 4,This is product 7,700,5
833,Product 5,This is product 9,800,6
834,Product 6,This is product 11,900,7
835,Product 7,This is product 13,1000,8
836,Product 8,This is product 15,1100,9
837,Product 9,This is product 17,1200,10
838,Product 10,This is product 19,1300,11
839,Product 11,This is product 21,1400,12
840,Product 12,This is product 23,1500,13
841,Product 13,This is product 25,1600,14
842,Product 35,This is product 69,3800,36
843,Product 36,This is product 69,3800,36
844,Product 1,This is product 1,400,2
845,Product 2,This is product 3,500,3
846,Product 3,This is product 5,600,4
847,Product 4,This is product 7,700,5
848,Product 5,This is product 9,800,6
849,Product 6,This is product 11,900,7
850,Product 7,This is product 13,1000,8
851,Product 8,This is product 15,1100,9
852,Product 9,This is product 17,1200,10
853,Product 10,This is product 19,1300,11
854,Product 11,This is product 21,1400,12
855,Product 12,This is product 23,1500,13
856,Product 13,This is product 25,1600,14
857,Product 14,This is product 27,1700,15
858,Product 15,This is product 29,1800,16
859,Product 16,This is product 31,1900,17
860,Product 17,This is product 33,2000,18
861,Product 18,This is product 35,2100,19
862,Product 19,This is product 37,2200,20
863,Product 20,This is product 39,2300,21
864,Product 21,This is product 41,2400,22
865,Product 22,This is product 43,2500,23
866,Product 23,This is product 45,2600,24
867,Product 24,This is product 47,2700,25
868,Product 25,This is product 49,2800,26
869,Product 26,This is product 51,2900,27
870,Product 27,This is product 53,3000,28
871,Product 28,This is product 55,3100,29
872,Product 29,This is product 57,3200,30
873,Product 30,This is product 59,3300,31
874,Product 31,This is product 61,3400,32
875,Product 32,This is product 63,3500,33
876,Product 33,This is product 65,3600,34
877,Product 34,This is product 67,3700,35
878,Product 35,This is product 69,3800,36
879,Product 36,This is product 69,3800,36
880,Product 1,This is product 1,400,2
881,Product 2,This is product 3,500,3
882,Product 3,This is product 5,600,4
883,Product 4,This is product 7,700,5
884,Product 5,This is product 9,800,6
885,Product 6,This is product 11,900,7
886,Product 7,This is product 13,1000,8
887,Product 8,This is product 15,1100,9
888,Product 9,This is product 17,1200,10
889,Product 10,This is product 19,1300,11
890,Product 11,This is product 21,1400,12
891,Product 12,This is product 23,1500,13
892,Product 13,This is product 25,1600,14
893,Product 35,This is product 69,3800,36
894,Product 36,This is product 69,3800,36
895,Product 1,This is product 1,400,2
896,Product 2,This is product 3,500,3
897,Product 3,This is product 5,600,4
898,Product 4,This is product 7,700,5
899,Product 5,This is product 9,800,6
900,Product 6,This is product 11,900,7
901,Product 7,This is product 13,1000,8
902,Product 8,This is product 15,1100,9
903,Product 9,This is product 17,1200,10
904,Product 10,This is product 19,1300,11
905,Product 11,This is product 21,1400,12
906,Product 12,This is product 23,1500,13
907,Product 13,This is product 25,1600,14
908,Product 14,This is product 27,1700,15
909,Product 15,This is product 29,1800,16
910,Product 16,This is product 31,1900,17
911,Product 17,This is product 33,2000,18
912,Product 18,This is product 35,2100,19
913,Product 19,This is product 37,2200,20
914,Product 20,This is product 39,2300,21
915,Product 21,This is product 41,2400,22
916,Product 22,This is product 43,2500,23
917,Product 23,This is product 45,2600,24
918,Product 24,This is product 47,2700,25
919,Product 25,This is product 49,2800,26
920,Product 26,This is product 51,2900,27
921,Product 27,This is product 53,3000,28
922,Product 28,This is product 55,3100,29
923,Product 29,This is product 57,3200,30
924,Product 30,This is product 59,3300,31
925,Product 31,This is product 61,3400,32
926,Product 32,This is product 63,3500,33
927,Product 33,This is product 65,3600,34
928,Product 34,This is product 67,3700,35
929,Product 35,This is product 69,3800,36
930,Product 36,This is product 69,3800,36
931,Product 1,This is product 1,400,2
932,Product 2,This is product 3,500,3
933,Product 3,This is product 5,600,4
934,Product 4,This is product 7,700,5
935,Product 5,This is product 9,800,6
936,Product 6,This is product 11,900,7
937,Product 7,This is product 13,1000,8
938,Product 8,This is product 15,1100,9
939,Product 9,This is product 17,1200,10
940,Product 10,This is product 19,1300,11
941,Product 11,This is product 21,1400,12
942,Product 12,This is product 23,1500,13
943,Product 13,This is product 25,1600,14
944,Product 35,This is product 69,3800,36
945,Product 36,This is product 69,3800,36
946,Product 1,This is product 1,400,2
947,Product 2,This is product 3,500,3
948,Product 3,This is product 5,600,4
949,Product 4,This is product 7,700,5
950,Product 5,This is product 9,800,6
951,Product 6,This is product 11,900,7
952,Product 7,This is product 13,1000,8
953,Product 8,This is product 15,1100,9
954,Product 9,This is product 17,1200,10
955,Product 10,This is product 19,1300,11
956,Product 11,This is product 21,1400,12
957,Product 12,This is product 23,1500,13
958,Product 13,This is product 25,1600,14
959,Product 14,This is product 27,1700,15
960,Product 15,This is product 29,1800,16
961,Product 16,This is product 31,1900,17
962,Product 17,This is product 33,2000,18
963,Product 18,This is product 35,2100,19
964,Product 19,This is product 37,2200,20
965,Product 20,This is product 39,2300,21
966,Product 21,This is product 41,2400,22
967,Product 22,This is product 43,2500,23
968,Product 23,This is product 45,2600,24
969,Product 24,This is product 47,2700,25
970,Product 25,This is product 49,2800,26
971,Product 26,This is product 51,2900,27
972,Product 27,This is product 53,3000,28
973,Product 28,This is product 55,3100,29
974,Product 29,This is product 57,3200,30
975,Product 30,This is product 59,3300,31
976,Product 31,This is product 61,3400,32
977,Product 32,This is product 63,3500,33
978,Product 33,This is product 65,3600,34
979,Product 34,This is product 67,3700,35
980,Product 35,This is product 69,3800,36
981,Product 36,This is product 69,3800,36
982,Product 1,This is product 1,400,2
983,Product 2,This is product 3,500,3
984,Product 3,This is product 5,600,4
985,Product 4,This is product 7,700,5
986,Product 5,This is product 9,800,6
987,Product 6,This is product 11,900,7
988,Product 7,This is product 13,1000,8
989,Product 8,This is product 15,1100,9
990,Product 9,This is product 17,1200,10
991,Product 10,This is product 19,1300,11
992,Product 11,This is product 21,1400,12
993,Product 12,This is product 23,1500,13
994,Product 13,This is product 25,1600,14
995,Product 35,This is product 69,3800,36
996,Product 36,This is product 69,3800,36
997,Product 1,This is product 1,400,2
998,Product 2,This is product 3,500,3
999,Product 2,This is product 3,500,3
1000,Product 2,Sam,500,3
